{"cameraMode":{"drawMode":0,"name":"Shaded","section":"Shading Mode"},"sceneLighting":false,"audioPlay":false,"sceneViewState":{"showFog":true,"showMaterialUpdate":false,"showSkybox":false,"showFlares":true,"showImageEffects":true,"showParticleSystems":true},"in2DMode":false,"pivot":{"x":0.0,"y":3.7849984169006349,"z":-2.165999174118042},"rotation":{"x":-0.3523539900779724,"y":-0.033118851482868198,"z":0.012489832006394863,"w":-0.9352267384529114},"size":37.16963577270508,"orthographic":false}